date,EQUITY_A,EQUITY_B,EQUITY_C,DEFENSIVE_D,CYCLICAL_E
2019-01-01,100.823791,101.184662,97.767453,99.853109,99.451203
2019-01-02,101.329686,101.747649,99.361387,99.857825,99.227347
2019-01-03,102.128416,101.883796,98.94312,100.228311,98.817642
2019-01-04,99.82693,99.733592,97.317779,99.415076,97.016715
2019-01-07,100.586834,101.878353,98.976521,100.972114,99.956467
2019-01-08,101.20881,101.707821,100.562624,100.973019,99.020744
2019-01-09,101.505852,101.886368,100.511807,101.658061,96.487216
2019-01-10,100.371264,100.928859,98.1413,101.37695,96.142209
2019-01-11,99.740916,101.063976,98.038604,101.295031,97.324594
2019-01-14,98.926712,100.794396,97.163887,101.010107,99.588237
2019-01-15,98.301502,100.104134,95.416806,100.394708,100.708339
2019-01-16,99.233037,100.090487,95.299634,100.549088,100.757879
2019-01-17,99.723655,99.941489,96.334378,100.162179,101.473945
2019-01-18,100.725322,99.560028,96.372842,100.938975,101.61639
2019-01-21,100.933213,99.471533,99.36008,101.182339,101.875467
2019-01-22,101.262371,101.740719,97.430317,101.257352,102.628157
2019-01-23,100.854027,101.30914,98.610864,101.321733,105.67538
2019-01-24,103.421582,100.911411,96.839674,101.542596,105.948275
2019-01-25,102.161706,100.895544,95.702228,100.291695,104.890069
2019-01-28,102.679596,100.421085,95.910374,100.153142,104.719988
2019-01-29,104.972773,102.530598,97.984629,100.66333,106.988936
2019-01-30,103.5001,101.772202,96.116019,100.05171,105.311997
2019-01-31,102.454351,101.875701,94.201952,99.637771,105.162594
2019-02-01,103.435758,103.405896,95.651555,100.268229,104.285146
2019-02-04,103.834059,104.311495,96.659686,100.404182,105.923537
2019-02-05,103.836751,104.806007,97.308481,99.758787,106.613746
2019-02-06,106.289006,106.036924,99.043836,100.307738,107.085607
2019-02-07,108.184654,106.030554,99.543518,99.441483,106.937421
2019-02-08,109.189837,105.915717,97.986429,99.202104,106.842186
2019-02-11,109.61041,105.622124,97.9118,99.15752,106.013742
2019-02-12,108.705221,104.609751,98.445676,99.067198,105.353013
2019-02-13,108.27658,104.185625,98.680367,99.986575,102.712513
2019-02-14,107.247487,104.277343,101.354322,99.880628,105.413442
2019-02-15,106.649578,103.02095,101.009306,99.477405,105.185947
2019-02-18,107.876979,103.311116,99.723175,99.345357,104.062812
2019-02-19,107.45544,104.19887,102.699703,99.282514,106.134565
2019-02-20,106.118446,104.004675,104.079425,99.319734,105.877654
2019-02-21,106.817562,104.143055,103.090691,99.781823,106.237827
2019-02-22,106.606983,103.130151,104.366609,99.264916,103.461579
2019-02-25,107.706228,102.362971,103.99165,97.845568,102.596569
2019-02-26,106.954984,102.836675,104.085894,97.936832,100.95883
2019-02-27,106.509609,102.930792,104.424309,98.17107,100.783065
2019-02-28,107.888202,104.222837,105.851219,98.973637,101.832012
2019-03-01,107.366539,104.991097,107.417126,99.160716,101.961434
2019-03-04,106.969892,103.019979,106.648886,99.232548,103.353017
2019-03-05,107.276972,102.421814,108.799342,99.687726,105.857544
2019-03-06,106.625388,102.025674,104.825818,98.772667,103.642547
2019-03-07,106.791553,103.324443,108.608066,100.227535,105.605068
2019-03-08,109.016907,103.648467,109.781262,99.53899,104.669585
2019-03-11,107.006624,103.282489,111.529875,99.646546,107.014996
2019-03-12,107.936443,104.901193,112.711803,99.572376,105.178304
2019-03-13,108.020918,105.690289,115.011767,100.407913,107.551055
2019-03-14,105.820069,104.673631,112.341246,100.879924,106.537294
2019-03-15,103.930752,104.438422,112.040576,100.031127,103.938981
2019-03-18,102.788641,105.075453,112.412764,99.77887,104.730323
2019-03-19,104.814262,106.72676,113.982683,98.954183,104.884587
2019-03-20,103.763709,105.975009,114.030393,98.363871,104.359246
2019-03-21,103.971662,106.28961,115.560537,98.397854,105.174519
2019-03-22,103.343205,106.199765,118.197253,97.99989,105.776274
2019-03-25,104.503351,106.678067,119.181274,98.420866,106.814554
2019-03-26,104.411381,105.33142,118.813308,97.862801,103.633673
2019-03-27,103.415307,106.281487,121.539497,97.94663,104.451443
2019-03-28,103.85444,106.751963,126.796321,97.20176,105.117906
2019-03-29,103.185208,105.185969,122.082655,97.175061,103.239258
2019-04-01,102.301332,104.649137,120.014056,96.815006,99.884929
2019-04-02,103.475675,105.786743,122.905526,96.468935,100.039676
2019-04-03,102.214401,107.838848,126.29363,97.843044,98.821102
2019-04-04,101.672299,108.631119,125.433171,97.664828,98.472641
2019-04-05,101.076076,109.323098,125.815907,97.965889,99.369399
2019-04-08,102.251804,109.25727,130.396656,99.143173,101.886093
2019-04-09,101.610043,110.445212,129.322028,99.574986,100.765016
2019-04-10,101.584089,110.419002,129.058246,100.287264,101.237288
2019-04-11,100.348581,109.749263,131.736874,99.729304,101.719873
2019-04-12,98.221808,108.640392,130.106049,99.322951,102.327552
2019-04-15,99.742903,108.690722,131.735089,99.883704,103.073972
2019-04-16,98.484748,108.099899,130.18792,100.121757,102.389686
2019-04-17,99.639078,110.507894,134.961504,100.837158,104.523252
2019-04-18,101.100464,110.801554,133.341452,100.810728,105.375629
2019-04-19,101.456353,110.398556,135.509066,100.099829,104.0341
2019-04-22,101.273938,108.344085,133.53632,99.572414,106.738674
2019-04-23,101.699758,108.832719,135.318956,100.067736,108.755137
2019-04-24,101.173504,109.975756,139.571903,100.375062,108.665035
2019-04-25,99.712891,108.978019,134.919399,99.94165,106.169502
2019-04-26,99.464684,108.161254,135.969496,99.543432,104.154259
2019-04-29,99.744301,107.71228,138.825769,99.584201,104.994187
2019-04-30,101.523709,107.915818,141.931141,100.0491,104.387811
2019-05-01,102.207961,108.05654,141.42433,100.315481,103.815297
2019-05-02,101.587423,108.871597,141.268602,99.727852,106.861293
2019-05-03,102.994796,109.326052,141.946398,99.092746,107.406773
2019-05-06,103.908279,109.398267,142.176857,98.625114,106.460708
2019-05-07,101.452946,107.264498,140.155031,98.203769,105.880279
2019-05-08,100.87014,106.995716,134.574314,97.8417,106.062344
2019-05-09,100.258213,105.374806,133.108965,96.940173,104.546586
2019-05-10,100.911881,104.176806,131.460158,96.759449,104.147004
2019-05-13,100.4142,104.054023,132.043295,96.924364,103.788827
2019-05-14,99.93953,102.730661,131.54829,96.386867,103.324441
2019-05-15,100.689663,102.467224,133.206326,96.174544,103.402683
2019-05-16,100.292104,102.526495,133.890169,96.452977,103.291056
2019-05-17,99.905934,102.623921,132.611912,95.993803,101.841728
2019-05-20,101.005269,101.798601,132.976981,95.866559,102.251775
2019-05-21,100.601323,101.174566,131.096317,95.624287,100.494275
2019-05-22,101.016101,101.326101,132.762238,96.185294,101.073238
2019-05-23,101.1158,103.392893,137.740575,97.15568,103.331458
2019-05-24,101.984478,104.09236,142.755054,97.879689,104.233002
2019-05-27,101.010264,103.316385,139.93343,97.948781,106.18453
2019-05-28,102.454376,105.873671,140.957292,98.388877,108.036927
2019-05-29,102.962557,105.173503,142.911034,98.966811,111.070019
2019-05-30,102.266247,104.44116,142.731167,99.403054,110.775603
2019-05-31,102.004169,104.465203,141.319166,99.312202,110.852173
2019-06-03,102.620597,103.661209,141.401581,99.64068,110.341908
2019-06-04,101.704696,103.750317,141.433626,100.404986,111.579043
2019-06-05,100.94522,103.975365,138.847968,100.543013,109.813323
2019-06-06,100.130934,104.588076,141.16335,100.818353,109.318885
2019-06-07,101.309594,105.577332,142.949345,101.346523,110.353913
2019-06-10,103.117543,107.380494,146.641652,101.939985,111.432867
2019-06-11,104.950226,107.479697,147.640507,102.703566,114.899592
2019-06-12,107.625244,108.90233,152.022613,103.016492,118.502577
2019-06-13,108.180347,109.240439,157.497814,103.439612,120.788395
2019-06-14,109.699329,109.408047,155.14781,103.657025,119.614972
2019-06-17,110.242064,109.317137,151.373607,103.033122,117.557249
2019-06-18,110.506315,108.122794,154.701023,102.828538,117.761423
2019-06-19,110.41357,108.102446,154.503357,103.492409,115.437669
2019-06-20,111.753817,107.341399,156.959712,103.771781,117.319311
2019-06-21,112.314029,108.206973,155.622938,103.940858,117.244287
2019-06-24,112.431841,108.768723,158.381464,104.474991,118.338838
2019-06-25,112.730381,108.448342,160.862377,105.266691,118.772979
2019-06-26,113.392401,109.758866,160.923059,105.532752,121.134109
2019-06-27,112.417462,110.753059,163.383844,105.483798,123.490603
2019-06-28,113.790004,111.710656,161.924517,105.859962,122.903165
2019-07-01,114.994833,112.099309,165.430248,106.929031,124.948343
2019-07-02,113.876014,111.408922,167.17591,106.405061,127.865778
2019-07-03,114.100987,111.097844,167.188396,106.523109,127.628365
2019-07-04,113.583718,111.721136,167.376974,106.950787,128.590875
2019-07-05,111.933462,110.758006,160.84105,105.987507,127.911666
2019-07-08,111.08576,109.241741,158.520239,105.355794,128.101314
2019-07-09,109.69683,108.731645,159.570927,106.040734,129.444376
2019-07-10,111.808561,108.520255,160.264829,105.91827,131.648775
2019-07-11,110.411059,107.841109,152.555787,105.423368,131.446706
2019-07-12,108.784359,108.018793,149.675169,104.47067,131.353401
2019-07-15,106.40169,109.03685,147.795636,103.937177,130.336291
2019-07-16,107.264589,108.606546,150.464989,103.124828,128.728245
2019-07-17,106.185201,108.244351,149.550507,102.30481,124.821964
2019-07-18,105.997318,108.617309,150.317231,102.470832,124.448503
2019-07-19,104.151396,106.958008,147.856318,101.216662,122.641199
2019-07-22,103.556648,106.959118,147.98813,100.218554,121.516254
2019-07-23,104.281855,106.396917,143.848417,100.549262,121.419205
2019-07-24,107.911068,106.58183,144.324894,101.260454,124.878234
2019-07-25,109.007225,107.574198,143.216647,101.708658,126.671217
2019-07-26,109.942041,107.850793,147.667194,102.436059,125.988128
2019-07-29,107.827948,107.626086,147.98913,101.375348,126.317986
2019-07-30,109.10138,108.215227,148.790597,101.289834,126.62516
2019-07-31,111.696242,108.122866,151.833376,101.983235,124.710243
2019-08-01,111.148581,109.39682,152.647422,101.188559,124.790344
2019-08-02,109.955843,109.276363,150.400085,100.828282,122.585248
2019-08-05,110.044829,110.170246,150.550035,102.451012,121.44368
2019-08-06,109.366902,109.255266,147.123409,101.953287,119.417743
2019-08-07,110.75356,109.522026,150.433286,102.420173,118.639541
2019-08-08,109.287307,109.880947,147.424689,101.439102,117.001322
2019-08-09,113.711449,111.563786,152.850026,101.113386,121.114421
2019-08-12,114.405255,110.70173,148.654317,100.142287,120.210882
2019-08-13,117.225605,110.779268,148.974736,101.166246,123.072707
2019-08-14,119.354126,111.464354,151.367185,101.51323,123.329565
2019-08-15,120.32182,111.85008,154.760173,101.188602,123.153252
2019-08-16,118.114657,109.460509,149.189332,99.282782,120.932446
2019-08-19,117.288152,108.472428,149.536389,99.663139,120.932796
2019-08-20,118.964288,110.141459,148.376429,99.804147,120.082542
2019-08-21,120.261058,108.542128,148.489341,100.010962,121.358811
2019-08-22,121.487349,108.126033,151.406927,99.643374,124.256383
2019-08-23,122.008551,109.238594,157.018398,101.033729,126.571617
2019-08-26,122.846366,108.808845,160.744323,100.902911,127.910723
2019-08-27,119.371528,107.037223,157.192367,100.427797,126.86753
2019-08-28,121.589332,108.02591,157.218922,100.18325,126.439665
2019-08-29,119.690288,106.257951,157.706454,98.989572,126.13912
2019-08-30,118.865676,107.323452,157.435089,99.250509,126.713196
2019-09-02,117.446924,106.988034,151.326272,99.259916,123.799373
2019-09-03,118.036546,108.183031,148.387438,98.797941,124.129015
2019-09-04,117.489799,106.886603,146.452172,98.36072,123.534527
2019-09-05,117.554129,107.882609,146.645042,98.254198,125.471909
2019-09-06,119.020588,110.120691,148.417164,99.38367,128.985296
2019-09-09,119.716712,111.015294,150.019948,100.051192,128.925886
2019-09-10,120.429036,111.89248,149.016861,100.140876,128.274713
2019-09-11,121.99309,112.373876,155.302993,100.288066,128.84235
2019-09-12,121.045949,110.6996,155.913683,100.123537,126.125939
2019-09-13,119.69132,110.312076,159.449708,101.09449,126.572165
2019-09-16,121.396209,109.527683,162.280682,101.326359,126.876036
2019-09-17,121.785096,109.783375,167.1458,101.358648,127.88566
2019-09-18,123.539552,111.428823,168.165345,102.421034,129.641542
2019-09-19,120.636572,111.456587,169.851938,102.230193,128.968376
2019-09-20,121.548321,112.134798,171.326371,102.630815,132.460226
2019-09-23,120.688661,110.26507,169.474671,102.729534,132.260466
2019-09-24,119.210368,108.026452,168.611159,104.450867,131.343741
2019-09-25,117.932288,106.90439,165.766217,103.612841,128.792432
2019-09-26,118.612572,106.064188,167.22153,104.025386,128.252506
2019-09-27,120.926845,107.032656,172.050329,105.214816,132.378395
2019-09-30,121.466853,108.244714,172.330892,104.615392,133.046247
2019-10-01,120.745912,108.21226,171.122067,104.694083,134.012453
2019-10-02,120.05224,107.877266,173.228638,104.615739,134.020572
2019-10-03,121.8661,107.334485,173.803487,104.891321,134.174725
2019-10-04,122.629303,107.200166,171.837595,105.404161,135.998028
2019-10-07,122.674233,107.971153,170.416619,105.231482,135.639951
2019-10-08,124.150793,108.975421,171.318669,106.080897,138.671131
2019-10-09,123.481291,109.511862,171.551095,107.120945,137.338581
2019-10-10,124.388688,110.33425,178.097617,107.52181,138.229385
2019-10-11,125.377996,111.840314,178.502538,107.92754,137.170414
2019-10-14,126.240471,111.488019,183.28453,107.759577,136.832226
2019-10-15,129.776184,112.267162,185.369222,107.829429,137.406974
2019-10-16,130.690625,112.977786,186.069078,107.444539,137.448696
2019-10-17,128.956605,112.239324,184.77518,107.824213,136.544232
2019-10-18,128.012276,111.229986,182.457819,107.014489,135.309841
2019-10-21,128.003493,110.352206,175.007679,107.030721,135.852912
2019-10-22,131.266613,111.902392,174.539588,108.561661,139.708089
2019-10-23,132.18079,110.816296,173.297984,108.208698,138.726572
2019-10-24,134.000298,110.747963,170.975025,107.505333,141.828993
2019-10-25,134.695759,109.812684,169.289767,107.079394,142.010775
2019-10-28,134.051531,109.860611,168.772475,105.880722,143.543238
2019-10-29,131.10026,109.718672,169.085325,105.455453,142.546108
2019-10-30,131.838216,109.674853,166.757335,105.137606,140.170343
2019-10-31,133.159618,109.391369,167.806314,105.493725,140.13623
2019-11-01,133.651176,110.420383,168.647501,105.228584,138.0125
2019-11-04,134.145504,110.569747,166.363376,106.324616,140.743312
2019-11-05,134.703059,111.968888,167.166184,106.943482,142.977516
2019-11-06,134.748405,112.735497,162.329047,106.544649,142.441273
2019-11-07,135.212725,113.323138,163.570751,106.97869,143.966903
2019-11-08,133.197629,112.795934,166.999131,106.9854,142.159785
2019-11-11,134.245814,112.563756,169.481555,106.816469,143.357989
2019-11-12,133.798332,114.403335,176.593156,106.974528,145.344613
2019-11-13,133.260392,113.97006,178.0725,107.114089,146.456737
2019-11-14,131.83962,114.266865,177.844444,106.771586,146.425137
2019-11-15,132.457383,114.178991,176.250156,106.855493,147.369286
2019-11-18,133.24087,113.577952,177.445361,106.49965,146.059232
2019-11-19,133.700901,113.370274,184.450991,107.066104,147.191383
2019-11-20,135.134842,112.235279,181.821976,106.415987,148.219754
2019-11-21,134.453204,110.695464,182.145574,106.712576,147.952005
2019-11-22,133.658078,111.578855,189.298792,107.232204,153.37994
2019-11-25,132.128674,111.44028,186.936628,107.961401,155.389544
2019-11-26,132.438289,111.425703,187.524611,107.717215,154.528162
2019-11-27,131.44957,110.969459,188.808054,106.730589,152.242492
2019-11-28,132.617158,111.472559,186.833438,106.422996,157.26562
2019-11-29,133.94984,111.603516,186.553319,106.946789,157.484861
2019-12-02,137.292059,111.805249,192.771055,107.91082,160.132769
2019-12-03,139.099114,113.347083,197.86891,108.094397,161.109177
2019-12-04,140.482422,115.218195,199.645467,108.195874,162.239581
2019-12-05,139.392254,114.42903,199.388766,108.524815,158.946885
2019-12-06,139.216041,114.580192,200.409376,107.842628,160.024526
2019-12-09,141.025572,116.191272,209.007179,108.517328,165.390859
2019-12-10,140.83104,114.853109,204.313499,107.302087,161.748047
2019-12-11,141.510925,114.169618,205.189459,107.646755,160.899093
2019-12-12,141.519782,114.255453,202.597265,107.358354,161.138577
2019-12-13,139.777097,113.435566,200.486569,106.876351,160.97155
2019-12-16,141.105116,114.711137,200.310748,107.329244,163.376234
2019-12-17,139.547547,115.462529,203.318069,106.180222,161.263737
2019-12-18,138.826579,113.28363,201.811206,105.234913,161.501808
2019-12-19,141.027973,113.88869,199.087595,105.660139,162.484695
2019-12-20,141.218154,113.19205,201.589586,105.472402,163.060037
2019-12-23,138.678713,114.632416,201.317825,106.306858,165.178507
2019-12-24,140.159483,115.780529,204.535395,106.755135,168.759487
2019-12-25,142.085241,116.662254,206.867959,107.749176,169.658109
2019-12-26,142.509395,117.815793,208.162104,108.572503,171.285224
2019-12-27,142.146056,116.008025,207.388585,107.860532,168.384346
2019-12-30,138.51437,114.581322,204.21077,105.512436,162.69175
2019-12-31,137.852567,114.957229,202.925518,104.757389,164.950724
2020-01-01,132.500884,115.251986,196.783641,104.74925,165.694795
2020-01-02,130.167845,113.345796,191.357913,102.92236,163.074652
2020-01-03,132.323642,114.182238,193.767445,103.090079,163.378873
2020-01-06,132.827628,112.539573,200.496392,103.431214,162.529447
2020-01-07,133.091735,113.356862,202.295284,104.257407,165.188371
2020-01-08,135.233373,113.649894,204.493445,104.854265,166.045437
2020-01-09,137.100068,114.313581,206.644164,104.353675,168.271473
2020-01-10,137.350285,114.815709,214.919558,105.461957,170.83601
2020-01-13,137.504552,115.650711,218.428301,106.141821,172.29736
2020-01-14,138.345251,116.381376,225.315123,106.996802,173.159396
2020-01-15,137.616499,115.686085,214.860108,106.403666,169.902581
2020-01-16,138.161172,117.388921,222.213579,106.571668,175.46863
2020-01-17,137.612726,116.905104,221.641783,106.224376,175.642584
2020-01-20,139.45058,116.885595,225.40102,107.321862,176.471686
2020-01-21,138.842763,116.945332,224.948588,106.788087,177.134485
2020-01-22,139.597285,116.923722,227.123433,106.718465,178.830243
2020-01-23,139.257656,116.68239,232.443817,107.861274,181.392386
2020-01-24,139.200712,117.132599,232.802362,108.073795,180.047629
2020-01-27,139.050602,119.33675,231.973007,108.572429,178.39072
2020-01-28,139.884165,119.556052,237.404666,107.463268,177.24115
2020-01-29,141.965615,117.973555,232.529512,107.379809,178.851804
2020-01-30,143.169584,118.660862,233.012195,107.742183,179.602485
2020-01-31,141.372628,120.088035,224.770564,107.763989,180.414918
2020-02-03,140.255747,120.94633,227.039736,107.259049,179.270312
2020-02-04,142.091181,122.736007,232.465057,107.589385,177.567362
2020-02-05,142.427407,122.805813,236.297285,107.736192,180.678481
2020-02-06,143.848997,124.215612,249.631271,109.140647,184.889229
2020-02-07,144.127143,124.530992,250.216286,109.403103,183.624628
2020-02-10,147.081224,126.09757,257.856649,109.584133,186.840412
2020-02-11,148.407905,125.495824,261.785807,110.08903,186.844436
2020-02-12,145.360951,125.069949,263.348953,109.291939,183.374605
2020-02-13,146.282048,125.675554,261.768222,109.855387,182.433864
2020-02-14,146.658609,124.842842,264.873278,110.819081,180.71719
2020-02-17,147.187477,126.118108,268.789799,111.470657,185.598639
2020-02-18,149.235472,126.132413,272.281574,112.205647,187.563384
2020-02-19,148.934374,126.410265,270.245688,112.377007,191.074771
2020-02-20,150.207618,127.17428,270.349574,112.785256,190.21843
2020-02-21,149.985741,127.220597,271.378842,112.962519,193.508446
2020-02-24,152.301639,128.669004,278.295999,113.083927,195.838521
2020-02-25,153.185917,129.715418,275.911412,112.223406,196.159094
2020-02-26,152.637538,128.626064,274.811185,111.592025,194.112452
2020-02-27,152.599858,128.819891,277.479227,110.949883,196.437586
2020-02-28,154.391389,127.38719,266.932715,111.467796,193.046003
2020-03-02,155.468352,127.30171,257.514949,109.898456,192.326588
2020-03-03,158.230185,126.448557,259.639947,109.487838,195.093417
2020-03-04,160.642001,126.038131,256.348065,109.002807,193.225121
2020-03-05,158.377972,125.558413,253.187723,108.257809,193.208525
2020-03-06,158.44339,123.418827,247.889231,108.457688,196.407308
2020-03-09,158.709709,123.169102,245.868203,108.864032,197.646479
2020-03-10,156.164233,123.071178,239.30426,108.346195,197.167319
2020-03-11,153.996061,122.608058,235.960048,107.025825,199.314517
2020-03-12,151.934012,119.576013,237.997624,106.542592,197.738072
2020-03-13,155.54302,121.675109,241.524873,107.059506,199.557517
2020-03-16,152.337571,121.154561,232.369595,104.586535,193.205589
2020-03-17,152.1334,120.826239,234.402282,104.490989,194.242188
2020-03-18,153.059669,121.624846,237.795053,105.033464,194.366328
2020-03-19,153.886282,122.70591,241.930245,104.146753,195.311566
2020-03-20,153.898392,123.493938,245.442931,105.721956,200.491921
2020-03-23,154.396133,123.03405,239.800918,104.521824,199.032188
2020-03-24,154.957487,122.842347,240.306719,103.942336,195.908401
2020-03-25,156.176185,124.181016,243.309633,104.180479,200.567487
2020-03-26,153.766437,124.029248,244.097749,102.890271,197.387049
2020-03-27,154.984809,123.515606,246.594729,103.194724,200.070123
2020-03-30,150.58945,123.640624,244.70879,103.053645,199.9227
2020-03-31,150.037902,123.42631,238.392163,102.493941,196.136756
2020-04-01,149.531135,124.081574,238.201958,103.018948,203.259969
2020-04-02,151.999905,124.762373,233.708644,102.591038,203.145966
2020-04-03,154.893641,124.487775,236.021686,102.777721,206.866724
2020-04-06,156.987824,125.224658,237.018254,103.04641,212.289434
2020-04-07,156.111235,124.945962,235.942347,102.367312,213.469711
2020-04-08,156.251378,124.905259,241.648791,103.286692,215.831118
2020-04-09,157.659712,125.192264,239.948454,104.558396,215.888499
2020-04-10,157.640131,124.381409,237.652671,104.566094,209.912902
2020-04-13,158.075666,122.618313,239.530617,104.149884,209.336479
2020-04-14,157.31242,122.353829,245.965476,104.008259,208.741105
2020-04-15,159.167358,122.891684,248.323619,103.503854,210.427299
2020-04-16,157.386474,122.132201,242.514536,103.318718,213.039831
2020-04-17,158.659867,122.807839,238.692311,103.076869,211.046769
2020-04-20,160.294472,124.668961,249.305122,103.866261,215.18814
2020-04-21,158.058951,122.138143,246.381487,102.16761,212.198549
2020-04-22,158.112485,122.258554,248.735585,102.428764,207.558033
2020-04-23,156.943708,121.197736,247.734059,101.610345,203.615554
2020-04-24,159.290725,123.05557,249.342515,102.727526,204.034438
2020-04-27,159.323409,123.770228,244.85747,101.960012,206.539491
2020-04-28,157.721205,123.679725,248.56325,101.879764,207.261575
2020-04-29,157.609596,124.567734,250.043306,102.964413,208.491879
2020-04-30,159.375579,126.303818,263.105469,104.904643,214.818539
2020-05-01,162.122464,126.512357,263.576178,104.075799,215.020537
2020-05-04,162.694196,125.293924,263.984994,103.630403,215.808942
2020-05-05,165.854752,128.235723,273.904701,104.521714,223.781383
2020-05-06,164.209981,127.877415,277.030674,104.151356,224.195278
2020-05-07,162.207069,126.34066,279.097009,104.222883,222.539843
2020-05-08,163.38053,125.325124,277.905053,103.631609,222.00025
2020-05-11,164.712941,126.307493,284.320136,104.453677,224.759825
2020-05-12,165.963396,126.905291,291.275606,104.564669,224.986635
2020-05-13,165.814623,128.598474,293.590449,104.686302,227.954454
2020-05-14,169.702221,127.870004,293.635817,103.9734,229.072597
2020-05-15,167.629392,126.842904,293.450097,103.698464,229.178126
2020-05-18,167.271055,127.703246,288.998214,102.603393,224.473254
2020-05-19,167.719739,127.5506,289.269695,102.268404,223.199856
2020-05-20,165.854411,126.867257,283.672907,101.288981,219.623747
2020-05-21,164.83984,126.394896,282.355413,100.412132,217.550006
2020-05-22,163.850452,126.916112,283.23112,100.006258,217.183962
2020-05-25,164.770313,127.249845,287.296341,100.088918,218.272622
2020-05-26,165.04897,127.622064,280.763171,99.575606,211.897321
2020-05-27,164.198727,127.019817,274.954269,99.288578,206.800268
2020-05-28,164.024084,128.985057,274.974496,100.701807,211.566143
2020-05-29,162.599184,128.137068,272.458435,101.375807,212.914302
2020-06-01,164.978694,128.630515,279.824916,101.877749,217.072444
2020-06-02,165.879617,126.901669,273.049381,100.379594,211.617295
2020-06-03,165.847489,127.700762,281.457692,101.458969,214.135066
2020-06-04,163.543164,127.779882,274.347218,102.239073,210.88607
2020-06-05,160.626153,127.321822,272.559074,102.318823,212.998284
2020-06-08,157.490657,126.196889,262.153513,101.824856,209.031186
2020-06-09,156.752717,126.517885,267.541414,101.090149,205.774643
2020-06-10,158.137264,126.959931,271.845017,100.93135,205.745874
2020-06-11,160.059322,127.41869,273.881854,101.337313,211.156249
2020-06-12,159.895002,128.673218,284.777418,100.71939,214.109517
2020-06-15,158.891327,125.887383,272.675485,100.949446,213.412839
2020-06-16,158.669856,127.249398,281.358174,100.551188,219.313694
2020-06-17,162.017026,128.87649,288.20825,101.735618,225.542039
2020-06-18,162.817004,129.051382,285.966302,100.751808,213.187624
2020-06-19,160.212767,128.170468,279.776421,99.92247,217.146618
2020-06-22,160.894618,128.646104,283.329517,99.352653,219.00003
2020-06-23,159.21489,128.076701,281.554751,98.39802,223.229579
2020-06-24,158.41478,132.361188,294.219919,99.280173,219.134507
2020-06-25,153.984994,131.281826,287.044145,100.308394,220.764415
2020-06-26,158.067104,131.868297,271.106666,100.181634,225.938084
2020-06-29,163.122745,133.114903,276.523601,100.148752,227.963433
2020-06-30,163.904451,135.150084,291.238307,101.020576,231.729501
2020-07-01,162.869095,131.076273,275.283414,100.59325,226.088954
2020-07-02,162.546855,132.787727,272.761876,100.145439,228.04766
2020-07-03,161.235589,130.615503,265.221725,100.884777,226.984312
2020-07-06,161.309983,126.969724,262.516603,100.936583,230.591275
2020-07-07,166.734499,129.249682,277.306866,101.625768,247.31879
2020-07-08,164.42439,129.850131,284.859849,102.404304,243.554988
2020-07-09,168.344363,130.643903,298.873515,104.091955,246.536749
2020-07-10,168.086469,129.715251,304.747897,103.780046,243.065545
2020-07-13,169.956767,130.356952,319.248121,103.577832,236.250437
2020-07-14,173.840543,127.922505,330.573242,104.613845,232.368496
2020-07-15,174.839885,128.716759,330.416825,105.209462,231.450887
2020-07-16,172.375205,128.931147,341.02004,105.692616,226.842145
2020-07-17,168.667972,125.436755,333.264747,104.110309,222.683298
2020-07-20,165.65043,125.760175,323.424765,105.175026,216.699658
2020-07-21,165.220288,125.467829,335.565887,105.623758,222.792352
2020-07-22,165.433187,122.85762,318.180282,105.785795,220.07739
2020-07-23,168.45906,122.848867,331.698148,108.098759,222.216608
2020-07-24,163.741089,123.298655,325.119253,108.231185,226.562323
2020-07-27,162.277319,123.413391,327.172531,108.173822,232.592686
2020-07-28,167.507964,124.365621,339.855012,109.498513,233.466735
2020-07-29,166.347965,125.438265,346.696025,110.405183,231.811472
2020-07-30,168.117481,125.627631,362.332795,111.595,230.93593
2020-07-31,168.59825,127.425193,363.533519,110.114378,227.171644
2020-08-03,167.26535,126.773401,348.363575,109.314368,222.632314
2020-08-04,163.34718,127.071441,363.805289,109.034783,226.633471
2020-08-05,165.331358,128.455817,363.5128,108.944176,231.083783
2020-08-06,166.560039,130.102983,369.950704,110.564027,228.122554
2020-08-07,165.646853,131.376753,362.407376,110.619087,229.611464
2020-08-10,159.434262,129.849118,382.306276,110.379772,229.760859
2020-08-11,161.470213,130.295833,391.16354,111.965839,230.761295
2020-08-12,163.984651,134.289753,422.214091,114.890152,239.881797
2020-08-13,162.389404,132.730735,429.979151,118.091569,237.948457
2020-08-14,162.883715,131.012582,420.692137,118.138939,236.409238
2020-08-17,164.373214,133.002703,415.290498,118.109294,239.263854
2020-08-18,161.417494,127.818113,422.012598,117.328814,232.499277
2020-08-19,159.858876,129.242214,435.005328,116.998462,232.704822
2020-08-20,158.994677,126.105606,421.465271,115.992209,228.064908
2020-08-21,155.774632,127.860889,403.754094,117.033295,228.992484
2020-08-24,156.520261,128.294719,405.596717,118.202928,229.001138
2020-08-25,149.656831,127.126958,375.948306,116.4325,223.269514
2020-08-26,151.003647,126.956184,367.001211,115.77404,234.858718
2020-08-27,151.386869,128.233812,364.261077,114.015687,235.71489
2020-08-28,152.921462,129.422604,368.134419,114.337389,240.417387
2020-08-31,152.976479,127.078913,368.766876,113.993109,236.383003
2020-09-01,150.88972,124.68295,366.754908,114.415379,232.930005
2020-09-02,147.342132,122.391598,358.794368,115.128995,230.567889
2020-09-03,144.183391,121.174337,343.96476,114.113964,225.981852
2020-09-04,145.757323,123.688404,351.663366,114.476516,226.90563
2020-09-07,144.357653,121.965078,346.386196,114.777876,221.793685
2020-09-08,141.692352,122.626569,344.942656,114.467907,215.170754
2020-09-09,140.799863,120.690884,330.738323,113.573001,210.396713
2020-09-10,142.285848,120.623584,339.963818,112.936095,211.786429
2020-09-11,141.366066,123.314689,339.068535,111.801954,216.903951
2020-09-14,147.049674,125.571216,337.709777,112.768447,219.487369
2020-09-15,147.744136,128.857912,351.324135,112.942597,225.803098
2020-09-16,149.97576,130.690224,352.927246,111.976111,220.355811
2020-09-17,151.051701,129.179112,351.163523,111.97785,219.361074
2020-09-18,150.998796,127.631045,337.267586,111.5612,221.50227
2020-09-21,150.181994,125.086598,331.517789,112.013595,224.176453
2020-09-22,149.474375,126.097624,321.856047,111.83837,231.638688
2020-09-23,146.487955,124.147493,315.613655,111.443921,228.308954
2020-09-24,146.604799,123.16423,304.075773,111.686169,226.636401
2020-09-25,144.907306,124.853939,311.609655,111.684924,226.078643
2020-09-28,147.206263,125.901466,312.932676,112.475223,228.151915
2020-09-29,144.113337,124.523348,308.422276,111.924613,224.434794
2020-09-30,146.850135,126.381562,315.452752,114.383231,231.011439
2020-10-01,147.699048,127.245246,329.289424,116.263454,235.437946
2020-10-02,150.04723,127.072404,342.683045,116.077499,243.123521
2020-10-05,155.32381,127.010139,355.342576,118.568635,245.244894
2020-10-06,155.072997,127.353296,360.287825,117.655859,237.481765
2020-10-07,151.310615,127.282183,340.049128,115.264572,227.786367
2020-10-08,151.13927,126.520763,341.170561,114.123326,234.674254
2020-10-09,154.049495,125.563343,356.60297,116.806571,237.77936
2020-10-12,158.452888,128.691826,361.638366,117.851459,245.950673
2020-10-13,154.914766,127.012968,349.729217,118.004603,236.941713
2020-10-14,152.015273,122.612382,332.017288,116.556463,228.067746
2020-10-15,158.2225,127.77308,337.68955,117.598818,238.269627
2020-10-16,160.272741,128.880807,342.44963,120.174442,242.336984
2020-10-19,154.773213,124.32772,334.018702,117.841532,235.665356
2020-10-20,154.759499,125.294478,338.519083,116.801635,239.08921
2020-10-21,157.840283,130.293453,342.883024,116.22869,246.434634
2020-10-22,160.557539,131.356885,347.795738,116.633539,247.482398
2020-10-23,159.862786,132.436002,338.952443,117.998636,253.58423
2020-10-26,160.387226,134.432447,333.923784,115.897203,254.851468
2020-10-27,164.280544,137.446639,337.163141,115.998764,254.486808
2020-10-28,159.062513,136.174136,325.417909,115.641714,257.415533
2020-10-29,161.332224,137.354919,337.308491,116.960492,262.802138
2020-10-30,159.350122,133.304738,335.618661,114.08825,255.149388
2020-11-02,153.522251,133.271378,324.100145,114.322968,253.239943
2020-11-03,153.229302,135.91001,328.586023,115.348115,257.941022
2020-11-04,151.682814,133.49737,307.37663,114.1699,252.429903
2020-11-05,151.89658,131.488139,306.191016,114.942827,249.524954
2020-11-06,150.998401,132.385338,303.384001,114.502877,250.323968
2020-11-09,142.953985,127.535154,288.146341,113.347735,240.496019
2020-11-10,139.911618,126.822355,284.455321,112.44149,232.965279
2020-11-11,141.090424,127.583964,275.696715,112.527569,228.99445
2020-11-12,140.786586,125.077611,277.980746,113.024485,226.990178
2020-11-13,137.419155,122.041198,268.51033,112.840284,217.062894
2020-11-16,140.002876,126.097289,277.724979,114.162848,231.033428
2020-11-17,139.75473,124.454832,273.055329,113.131557,229.185716
2020-11-18,135.891304,124.601581,265.066083,112.590927,224.517799
2020-11-19,134.335812,124.976766,270.775588,113.003873,225.701363
2020-11-20,132.996925,124.0905,278.08452,112.470991,219.924346
2020-11-23,132.21856,123.166698,279.128589,114.306959,226.871102
2020-11-24,131.651307,123.302859,278.539419,115.369859,229.987428
2020-11-25,132.17796,124.807246,279.177565,114.774195,232.497446
2020-11-26,135.273849,129.923177,279.805479,114.523022,227.378083
2020-11-27,136.570197,125.934424,278.052715,114.811515,219.909074
2020-11-30,139.065617,125.903648,286.692813,117.216855,226.022596
2020-12-01,133.522776,123.950511,275.837003,116.57081,218.301286
2020-12-02,136.610876,123.921689,288.327731,115.354383,217.639171
2020-12-03,136.11344,123.921769,276.049591,116.62462,209.535221
2020-12-04,134.415793,123.93973,271.212045,114.671561,211.072039
2020-12-07,136.587077,123.419085,274.908049,115.04837,208.671492
2020-12-08,139.796484,126.028156,283.436026,115.063705,206.160068
2020-12-09,142.333692,128.521245,291.866851,116.906199,213.996706
2020-12-10,142.767775,127.1161,283.751715,115.564864,209.813211
2020-12-11,144.349447,127.197919,286.5335,115.108344,199.059986
2020-12-14,142.318569,122.429345,280.901281,113.875004,197.534443
2020-12-15,144.09718,121.16807,294.345783,115.163816,207.728928
2020-12-16,143.608585,121.110512,291.874514,116.405655,209.011758
2020-12-17,143.344524,119.570285,292.591772,116.403114,200.609807
2020-12-18,142.339582,117.500742,282.396754,116.822203,196.290558
2020-12-21,139.972053,117.375504,273.730766,117.616946,194.712293
2020-12-22,137.375358,116.471277,282.966842,117.785248,198.239083
2020-12-23,137.663169,118.619104,286.526716,117.816107,193.323357
2020-12-24,141.258435,120.614877,297.542371,119.516045,199.92151
2020-12-25,142.466449,119.470245,311.913991,120.557013,199.033945
2020-12-28,141.969896,119.260547,314.909301,120.320151,202.816888
2020-12-29,145.783978,118.394806,326.915324,121.742813,205.374989
2020-12-30,142.774234,117.608793,315.169158,120.279745,198.645308
2020-12-31,145.886529,117.034199,320.768196,121.907628,200.942778
2021-01-01,144.448825,115.642922,299.681666,120.661839,196.04083
2021-01-04,144.600585,118.667876,313.608259,121.2503,198.413977
2021-01-05,143.934419,119.460441,314.178769,120.950355,198.672935
2021-01-06,138.781445,116.744105,308.039799,121.242207,194.927538
2021-01-07,135.960313,117.217057,310.605753,120.735192,192.903661
2021-01-08,135.04044,117.911353,298.312171,120.352905,199.458569
2021-01-11,135.815748,117.93328,297.105985,120.967021,198.472521
2021-01-12,137.658748,118.353929,306.824417,120.305214,199.839524
2021-01-13,142.362914,118.502225,303.337362,120.575865,199.756549
2021-01-14,140.273792,116.610853,302.808645,120.905643,189.720687
2021-01-15,138.379953,116.627559,304.010471,120.155789,183.526761
2021-01-18,137.705176,115.201988,294.894579,119.096553,179.891789
2021-01-19,139.798801,115.076398,307.080433,120.605538,188.655202
2021-01-20,141.071007,114.02005,290.05838,120.649591,194.520533
2021-01-21,139.48035,113.836523,293.931267,118.420504,191.329978
2021-01-22,138.08634,111.655079,288.674346,118.352309,183.378902
2021-01-25,136.514192,109.677939,277.351979,115.973563,181.174908
2021-01-26,136.264324,109.752598,265.846973,117.264687,178.932558
2021-01-27,139.070264,112.471738,292.774861,120.652123,189.141366
2021-01-28,141.08245,112.828109,308.523284,121.555515,190.325488
2021-01-29,143.898336,112.836947,307.492631,123.342315,190.32571
2021-02-01,142.844358,113.661677,305.245588,125.062056,191.612118
2021-02-02,146.20494,112.532862,306.544367,125.986947,190.883115
2021-02-03,145.251468,112.758791,301.208991,125.692463,188.0581
2021-02-04,145.857854,111.407404,292.1718,125.49073,192.767323
2021-02-05,146.279456,110.550624,291.680508,122.080256,192.865583
2021-02-08,149.385694,111.423012,293.526769,125.290825,192.836708
2021-02-09,146.217093,110.683963,293.946394,124.879231,193.22781
2021-02-10,148.2769,110.511062,298.114955,125.600533,198.200991
2021-02-11,147.167803,111.350253,302.460059,125.896035,196.628057
2021-02-12,147.112049,109.652277,301.75863,123.834984,192.24322
2021-02-15,150.10848,112.078042,310.091759,124.4695,195.733513
2021-02-16,147.858807,113.331401,302.537043,124.306921,194.45333
2021-02-17,149.986262,113.367374,312.590389,124.45533,193.89083
2021-02-18,149.200337,113.705222,320.873925,124.748109,200.034888
2021-02-19,147.367924,112.762729,306.312254,123.787054,191.153062
2021-02-22,151.153009,116.295894,317.550059,126.18776,198.461804
2021-02-23,147.747956,115.081896,299.87467,125.383726,197.582527
2021-02-24,142.616037,113.563356,289.976726,123.911308,191.741557
2021-02-25,140.978017,113.286667,301.768467,123.113387,189.981045
2021-02-26,143.778583,113.291092,308.133219,122.749622,189.97959
2021-03-01,146.800833,114.198909,303.192034,124.50283,190.873382
2021-03-02,149.131959,113.320668,307.284976,124.443575,196.629984
2021-03-03,146.632363,112.654486,299.593606,122.762845,189.767834
2021-03-04,142.676208,112.798853,303.23529,123.886744,189.053013
2021-03-05,144.679232,114.778236,311.289617,125.160853,189.375133
2021-03-08,149.462111,114.092635,319.194912,124.983986,196.505082
2021-03-09,149.472696,112.846935,326.361097,124.353289,201.687165
2021-03-10,153.428593,109.415736,317.87028,123.826739,199.929777
2021-03-11,151.592157,108.798427,312.894909,124.753482,199.904287
2021-03-12,153.373356,110.073371,315.976018,125.517108,204.354944
2021-03-15,155.530499,110.639688,319.170964,123.164445,206.445701
2021-03-16,154.766478,109.115503,327.649926,125.72845,198.714116
2021-03-17,154.195007,110.396589,333.988907,125.722464,201.063725
2021-03-18,153.572742,110.385785,323.282051,125.619897,192.487314
2021-03-19,151.785345,110.779019,318.555671,125.493552,196.454813
2021-03-22,149.111387,111.246468,317.378547,127.285267,197.197726
2021-03-23,148.896911,112.27551,320.010658,128.373209,199.057889
2021-03-24,148.277324,110.068693,320.361425,127.171819,196.635783
2021-03-25,147.947289,109.725366,311.213781,128.305856,199.122551
2021-03-26,150.492127,108.93903,314.310076,128.026262,201.401507
2021-03-29,152.24189,109.996793,308.356479,128.282986,203.626281
2021-03-30,151.708252,109.078848,306.519238,127.623552,202.714868
2021-03-31,153.01874,110.216403,308.405223,127.413386,211.097666
2021-04-01,149.369527,108.857328,291.478167,126.802913,206.935681
2021-04-02,146.246991,108.417657,305.583191,127.603798,205.236034
2021-04-05,145.736092,108.971592,307.710396,127.650317,203.757661
2021-04-06,145.869211,109.54294,310.665837,127.54306,204.025896
2021-04-07,142.72976,109.137331,309.71349,125.83382,201.671612
2021-04-08,143.433539,107.454224,308.179793,124.941306,205.1496
2021-04-09,143.335435,106.71183,318.101692,124.795578,205.366121
2021-04-12,140.631088,109.023844,331.230268,126.636491,202.701229
2021-04-13,142.036003,108.753599,334.032949,127.655778,210.121772
2021-04-14,142.021215,108.070944,350.881299,129.218599,207.131853
2021-04-15,144.613732,108.688892,352.395865,129.905367,209.159764
2021-04-16,148.51453,109.909684,350.690504,129.420508,211.793777
2021-04-19,150.095234,111.623397,348.054057,129.757441,214.585163
2021-04-20,154.790142,113.752931,342.441293,130.889776,216.136045
2021-04-21,159.10473,116.101748,349.260991,131.628547,222.726232
2021-04-22,162.076468,118.680837,370.136051,133.639084,230.939647
2021-04-23,164.763355,118.336818,358.690903,132.487557,227.602609
2021-04-26,163.260763,117.387295,355.93177,132.129187,223.828675
2021-04-27,160.455303,115.930608,347.273493,132.518859,223.343377
2021-04-28,163.073613,114.223896,345.065801,133.260826,220.472733
2021-04-29,163.182479,114.550947,343.491274,134.332993,222.864073
2021-04-30,166.042882,115.402224,344.319025,134.571231,218.235758
2021-05-03,167.309619,114.600693,346.893456,136.088719,215.76516
2021-05-04,171.919968,113.954869,338.152148,134.909738,220.97904
2021-05-05,170.48688,113.500414,344.495783,134.514209,217.616593
2021-05-06,167.460491,112.116953,332.181273,132.907597,210.379967
2021-05-07,173.526532,112.861549,343.329229,135.607441,212.484838
2021-05-10,173.645135,113.611849,344.232739,136.52036,212.210448
2021-05-11,173.430029,112.909993,333.279368,136.930697,209.329142
2021-05-12,176.642737,115.061046,336.846789,137.149768,209.704209
2021-05-13,171.198949,110.931304,332.367939,136.457801,209.061294
2021-05-14,172.269172,111.903559,340.26115,137.565357,212.997701
2021-05-17,172.422395,110.170877,335.5963,136.821071,215.341926
2021-05-18,172.818092,107.225103,324.175783,137.057028,218.179624
2021-05-19,180.579322,106.497433,321.962305,136.902849,217.408228
2021-05-20,185.172285,106.04357,330.666475,138.170753,212.800939
2021-05-21,181.463168,106.852179,330.496813,137.162542,212.580905
2021-05-24,180.183714,106.546822,341.811618,139.290084,213.190553
2021-05-25,180.632615,106.615782,335.097466,138.976911,214.305415
2021-05-26,185.970534,108.072176,347.324675,139.535721,214.377257
2021-05-27,186.439883,107.576729,351.307148,141.500918,211.822142
2021-05-28,191.644148,108.689439,366.035497,143.039814,221.094371
2021-05-31,189.902384,107.065755,375.660467,142.680945,223.646514
2021-06-01,190.080797,105.73939,381.190588,142.360411,226.071961
2021-06-02,191.361728,107.189626,395.365879,143.584704,229.11669
2021-06-03,190.042672,105.09797,371.038542,141.328547,215.552131
2021-06-04,191.011272,106.087279,377.900365,143.453276,212.484727
2021-06-07,189.998006,106.238681,369.949092,143.01167,212.940327
2021-06-08,190.168143,106.13133,377.800566,144.216018,220.465536
2021-06-09,190.654086,106.047058,365.824995,143.106128,220.906878
2021-06-10,187.315646,106.120088,374.39526,143.585038,219.393891
2021-06-11,187.631587,103.571657,370.806029,142.083141,217.902842
2021-06-14,188.61197,102.198221,336.137592,139.903015,216.291032
2021-06-15,183.6454,99.802136,337.776298,139.91958,212.664887
2021-06-16,182.200326,97.176641,343.871981,140.903901,212.636604
2021-06-17,183.352465,96.083493,331.171456,140.640278,210.342095
2021-06-18,186.566075,95.116595,320.895117,141.958787,217.417714
2021-06-21,190.983828,94.227852,310.087137,141.606324,225.251156
2021-06-22,194.294348,92.896024,300.691709,144.253285,223.645207
2021-06-23,200.951001,94.293036,295.69973,143.387412,223.232854
2021-06-24,202.200961,96.272653,298.226467,145.198775,221.011809
2021-06-25,197.94808,97.077499,299.740957,145.04529,218.749166
2021-06-28,198.224939,98.110844,301.667804,146.754415,217.810702
2021-06-29,197.351017,98.427102,314.543828,146.075488,224.948061
2021-06-30,195.147683,99.882667,307.668634,144.372677,221.696621
2021-07-01,201.334226,101.753216,328.651898,145.796154,227.953195
2021-07-02,199.636566,102.122201,323.530146,143.639221,228.003422
2021-07-05,196.393432,101.321042,326.399309,140.999723,221.014326
2021-07-06,197.66194,102.526079,327.97795,142.199197,216.122738
2021-07-07,196.944253,100.967497,331.666148,141.976138,212.847081
2021-07-08,203.572173,102.319771,325.510541,142.629022,211.351723
2021-07-09,203.064067,102.502662,314.971601,142.461174,211.067235
2021-07-12,205.256664,102.247727,312.875375,142.776864,213.078765
2021-07-13,211.431649,105.034593,315.168474,143.407763,221.837201
2021-07-14,210.001938,104.992457,318.136642,145.051428,218.098831
2021-07-15,208.178868,107.25463,313.92959,144.855762,222.542297
2021-07-16,209.803473,107.24777,316.145712,143.73855,228.94336
2021-07-19,206.485639,109.349096,338.713348,144.049585,226.174469
2021-07-20,209.830232,106.744659,342.926249,144.941865,223.686764
2021-07-21,211.856949,105.124008,338.949884,143.852762,218.793873
2021-07-22,212.225198,106.178558,328.718495,144.936083,219.718668
2021-07-23,210.531953,108.145323,339.715622,145.759218,215.439861
2021-07-26,216.664838,108.207381,339.148766,147.78806,212.362216
2021-07-27,212.206348,107.452564,337.455838,146.371657,210.191531
2021-07-28,207.121044,106.511142,337.073774,147.979829,205.837567
2021-07-29,207.305671,107.652092,354.954496,150.360114,212.057474
2021-07-30,205.494456,108.979765,351.306023,147.693657,207.124938
2021-08-02,203.973245,108.306505,329.622398,145.871496,204.923573
2021-08-03,197.131982,106.709059,326.065664,146.501947,206.274922
2021-08-04,196.437818,106.929279,333.051567,144.50243,206.261301
2021-08-05,198.521402,109.173707,359.610461,145.336423,204.667382
2021-08-06,199.834041,110.767466,360.874734,146.352643,207.60665
2021-08-09,196.973704,110.317607,348.030897,146.620217,212.830536
2021-08-10,201.327471,110.859723,361.478786,147.879993,214.759252
2021-08-11,197.230173,111.130779,361.453174,146.664019,219.643434
2021-08-12,193.381836,112.531972,358.090633,147.615004,221.204549
2021-08-13,194.620023,112.451794,359.000044,149.59524,219.068026
2021-08-16,192.050287,112.616471,337.881926,149.071586,212.258418
2021-08-17,190.611333,112.909791,328.150043,146.169864,204.847588
2021-08-18,191.444102,112.552099,329.687995,145.57291,199.302721
2021-08-19,185.763295,110.67354,325.32264,145.409314,192.88522
2021-08-20,189.28294,113.277791,323.243662,145.908453,198.226572
2021-08-23,190.961434,113.391009,320.699378,145.782808,202.138551
2021-08-24,195.300151,113.834687,333.837008,144.044885,204.976966
2021-08-25,190.87902,112.638682,329.189285,142.505814,211.798749
2021-08-26,187.81784,113.335394,341.34326,141.44123,212.206397
2021-08-27,184.99136,111.085878,332.501356,140.052464,213.153136
2021-08-30,186.834071,113.038114,326.86774,140.613881,216.52999
2021-08-31,192.377489,113.731323,335.405027,144.182579,217.678043
2021-09-01,190.889485,112.467691,332.768822,141.032896,218.172745
2021-09-02,196.973725,114.073679,330.463384,142.231458,224.229208
2021-09-03,197.318607,113.813541,332.477191,142.694877,229.714058
2021-09-06,191.712374,111.800716,334.45332,141.675987,221.74747
2021-09-07,192.882213,113.256913,338.063205,140.788419,225.77179
2021-09-08,193.136094,111.821729,325.241929,141.981608,221.786463
2021-09-09,193.312621,110.435058,316.208509,139.760046,215.258872
2021-09-10,189.938676,109.774331,315.806388,139.563728,214.261115
2021-09-13,191.942552,109.001133,313.671547,141.534101,219.434711
2021-09-14,187.662803,107.986396,305.428089,140.850067,215.738947
2021-09-15,192.876596,107.216628,311.421488,139.736902,215.352406
2021-09-16,192.958466,105.995253,325.242778,139.693954,211.111153
2021-09-17,194.080043,105.634508,337.908103,140.091934,209.130751
2021-09-20,195.899736,104.662194,342.664798,140.842077,209.58479
2021-09-21,194.956479,104.151348,334.722233,137.965162,204.88666
2021-09-22,200.007079,103.829865,343.98102,138.089823,215.24749
2021-09-23,204.127302,106.088064,354.023828,138.325251,218.480358
2021-09-24,209.189365,107.606524,379.854657,139.420331,214.805212
2021-09-27,210.685042,109.487289,391.550923,141.835421,217.781166
2021-09-28,207.763799,109.888684,390.161205,140.693165,211.946577
2021-09-29,212.029053,109.97236,380.800751,138.906617,209.923052
2021-09-30,211.598263,111.182081,394.178551,140.033498,205.784542
2021-10-01,211.897613,110.502293,388.520451,137.731322,199.958889
2021-10-04,209.197673,109.937718,392.585849,139.818303,203.692372
2021-10-05,213.127392,112.544898,398.163303,142.185438,216.014113
2021-10-06,209.060541,110.947562,374.7055,140.494876,210.465615
2021-10-07,216.729755,111.369168,377.570589,140.473046,206.712825
2021-10-08,218.771739,111.738242,388.891742,142.026343,207.867178
2021-10-11,217.129568,110.62751,380.069244,138.154276,205.482745
2021-10-12,222.145553,111.947724,391.437772,138.041081,200.439395
2021-10-13,222.790149,113.554126,404.679196,138.047131,206.632821
2021-10-14,220.624196,114.109454,392.114681,138.516441,207.148788
2021-10-15,225.325953,113.475178,392.392011,140.436954,211.125737
2021-10-18,227.712399,115.102555,402.821602,140.42425,216.789029
2021-10-19,227.010807,114.166263,405.00227,142.404123,219.758116
2021-10-20,222.429035,112.718021,394.982589,139.079725,213.378205
2021-10-21,230.567034,116.026126,422.142561,141.422139,221.795797
2021-10-22,228.436892,113.784374,422.89441,141.610018,227.997047
2021-10-25,221.949036,112.838788,427.599474,143.028676,225.371751
2021-10-26,223.680359,111.782181,421.991419,141.813969,224.126583
2021-10-27,223.336155,110.355469,413.318017,142.791994,225.345462
2021-10-28,227.29987,109.121172,415.023101,141.951486,233.082602
2021-10-29,228.078731,110.082952,394.32102,139.94209,233.061743
2021-11-01,229.330888,108.801776,390.449813,140.734733,225.544511
2021-11-02,220.438823,106.786127,373.438339,139.55013,219.411681
2021-11-03,220.901174,109.20321,379.102111,139.294482,217.456712
2021-11-04,220.431992,111.096458,379.230615,138.845305,217.978315
2021-11-05,217.827428,111.396862,372.607425,138.92025,219.400918
2021-11-08,223.59796,111.18125,368.298907,141.393868,222.275072
2021-11-09,218.240202,110.603053,368.113081,140.880325,219.205242
2021-11-10,211.101245,110.490992,357.211621,139.41131,214.969803
2021-11-11,210.462355,112.36153,356.65374,138.234956,210.434231
2021-11-12,214.860319,114.758105,358.37065,139.66633,208.422996
2021-11-15,211.08488,113.471809,352.927555,139.454367,206.692711
2021-11-16,208.398206,112.700618,343.122062,139.220183,203.793856
2021-11-17,204.898793,111.100812,339.169283,137.68308,197.815409
2021-11-18,209.227798,111.044788,345.165901,138.61891,199.503695
2021-11-19,211.708828,113.356346,344.345969,138.864523,197.668581
2021-11-22,212.702322,112.86127,353.907688,136.808955,197.436611
2021-11-23,209.58099,108.482198,340.884786,136.643711,192.996884
